p82GZWdFe7hJPC9rEbND4aH3kXmjBtAs
BEGIN;
INSERT INTO "accounts_userrole" ("id","role","user_id") VALUES (1,'ADMIN',1);
INSERT INTO "accounts_userrole" ("id","role","user_id") VALUES (3,'CLIENTE',3);
INSERT INTO "accounts_userrole" ("id","role","user_id") VALUES (2,'PRODUTOR',2);
INSERT INTO "auth_permission" ("id","name","content_type_id","codename") VALUES (1,'Can add log entry',1,'add_logentry');
INSERT INTO "auth_permission" ("id","name","content_type_id","codename") VALUES (2,'Can change log entry',1,'change_logentry');
INSERT INTO "auth_permission" ("id","name","content_type_id","codename") VALUES (3,'Can delete log entry',1,'delete_logentry');
INSERT INTO "auth_permission" ("id","name","content_type_id","codename") VALUES (4,'Can view log entry',1,'view_logentry');
INSERT INTO "auth_permission" ("id","name","content_type_id","codename") VALUES (5,'Can add permission',2,'add_permission');
INSERT INTO "auth_permission" ("id","name","content_type_id","codename") VALUES (6,'Can change permission',2,'change_permission');
INSERT INTO "auth_permission" ("id","name","content_type_id","codename") VALUES (7,'Can delete permission',2,'delete_permission');
INSERT INTO "auth_permission" ("id","name","content_type_id","codename") VALUES (8,'Can view permission',2,'view_permission');
INSERT INTO "auth_permission" ("id","name","content_type_id","codename") VALUES (9,'Can add group',3,'add_group');
INSERT INTO "auth_permission" ("id","name","content_type_id","codename") VALUES (10,'Can change group',3,'change_group');
INSERT INTO "auth_permission" ("id","name","content_type_id","codename") VALUES (11,'Can delete group',3,'delete_group');
INSERT INTO "auth_permission" ("id","name","content_type_id","codename") VALUES (12,'Can view group',3,'view_group');
INSERT INTO "auth_permission" ("id","name","content_type_id","codename") VALUES (13,'Can add user',4,'add_user');
INSERT INTO "auth_permission" ("id","name","content_type_id","codename") VALUES (14,'Can change user',4,'change_user');
INSERT INTO "auth_permission" ("id","name","content_type_id","codename") VALUES (15,'Can delete user',4,'delete_user');
INSERT INTO "auth_permission" ("id","name","content_type_id","codename") VALUES (16,'Can view user',4,'view_user');
INSERT INTO "auth_permission" ("id","name","content_type_id","codename") VALUES (17,'Can add content type',5,'add_contenttype');
INSERT INTO "auth_permission" ("id","name","content_type_id","codename") VALUES (18,'Can change content type',5,'change_contenttype');
INSERT INTO "auth_permission" ("id","name","content_type_id","codename") VALUES (19,'Can delete content type',5,'delete_contenttype');
INSERT INTO "auth_permission" ("id","name","content_type_id","codename") VALUES (20,'Can view content type',5,'view_contenttype');
INSERT INTO "auth_permission" ("id","name","content_type_id","codename") VALUES (21,'Can add session',6,'add_session');
INSERT INTO "auth_permission" ("id","name","content_type_id","codename") VALUES (22,'Can change session',6,'change_session');
INSERT INTO "auth_permission" ("id","name","content_type_id","codename") VALUES (23,'Can delete session',6,'delete_session');
INSERT INTO "auth_permission" ("id","name","content_type_id","codename") VALUES (24,'Can view session',6,'view_session');
INSERT INTO "auth_permission" ("id","name","content_type_id","codename") VALUES (25,'Can add user role',7,'add_userrole');
INSERT INTO "auth_permission" ("id","name","content_type_id","codename") VALUES (26,'Can change user role',7,'change_userrole');
INSERT INTO "auth_permission" ("id","name","content_type_id","codename") VALUES (27,'Can delete user role',7,'delete_userrole');
INSERT INTO "auth_permission" ("id","name","content_type_id","codename") VALUES (28,'Can view user role',7,'view_userrole');
INSERT INTO "auth_permission" ("id","name","content_type_id","codename") VALUES (29,'Can add fazenda',8,'add_fazenda');
INSERT INTO "auth_permission" ("id","name","content_type_id","codename") VALUES (30,'Can change fazenda',8,'change_fazenda');
INSERT INTO "auth_permission" ("id","name","content_type_id","codename") VALUES (31,'Can delete fazenda',8,'delete_fazenda');
INSERT INTO "auth_permission" ("id","name","content_type_id","codename") VALUES (32,'Can view fazenda',8,'view_fazenda');
INSERT INTO "auth_permission" ("id","name","content_type_id","codename") VALUES (33,'Can add cultivo',9,'add_cultivo');
INSERT INTO "auth_permission" ("id","name","content_type_id","codename") VALUES (34,'Can change cultivo',9,'change_cultivo');
INSERT INTO "auth_permission" ("id","name","content_type_id","codename") VALUES (35,'Can delete cultivo',9,'delete_cultivo');
INSERT INTO "auth_permission" ("id","name","content_type_id","codename") VALUES (36,'Can view cultivo',9,'view_cultivo');
INSERT INTO "auth_permission" ("id","name","content_type_id","codename") VALUES (37,'Can add cultivar',10,'add_cultivar');
INSERT INTO "auth_permission" ("id","name","content_type_id","codename") VALUES (38,'Can change cultivar',10,'change_cultivar');
INSERT INTO "auth_permission" ("id","name","content_type_id","codename") VALUES (39,'Can delete cultivar',10,'delete_cultivar');
INSERT INTO "auth_permission" ("id","name","content_type_id","codename") VALUES (40,'Can view cultivar',10,'view_cultivar');
INSERT INTO "auth_permission" ("id","name","content_type_id","codename") VALUES (41,'Can add cultura info',11,'add_culturainfo');
INSERT INTO "auth_permission" ("id","name","content_type_id","codename") VALUES (42,'Can change cultura info',11,'change_culturainfo');
INSERT INTO "auth_permission" ("id","name","content_type_id","codename") VALUES (43,'Can delete cultura info',11,'delete_culturainfo');
INSERT INTO "auth_permission" ("id","name","content_type_id","codename") VALUES (44,'Can view cultura info',11,'view_culturainfo');
INSERT INTO "auth_permission" ("id","name","content_type_id","codename") VALUES (45,'Can add stock entry',12,'add_stockentry');
INSERT INTO "auth_permission" ("id","name","content_type_id","codename") VALUES (46,'Can change stock entry',12,'change_stockentry');
INSERT INTO "auth_permission" ("id","name","content_type_id","codename") VALUES (47,'Can delete stock entry',12,'delete_stockentry');
INSERT INTO "auth_permission" ("id","name","content_type_id","codename") VALUES (48,'Can view stock entry',12,'view_stockentry');
INSERT INTO "auth_permission" ("id","name","content_type_id","codename") VALUES (49,'Can add oferta',13,'add_oferta');
INSERT INTO "auth_permission" ("id","name","content_type_id","codename") VALUES (50,'Can change oferta',13,'change_oferta');
INSERT INTO "auth_permission" ("id","name","content_type_id","codename") VALUES (51,'Can delete oferta',13,'delete_oferta');
INSERT INTO "auth_permission" ("id","name","content_type_id","codename") VALUES (52,'Can view oferta',13,'view_oferta');
INSERT INTO "auth_user" ("id","password","last_login","is_superuser","username","first_name","last_name","email","is_staff","is_active","date_joined") VALUES (1,'pbkdf2_sha256$1000000$sXs0Vg7qQsYslpOT81FBHI$4ndQrfwYK324s/JtC8sCEVxAOCOyeuk0wpAMkVtvB0k=',NULL,TRUE,'admin','','','admin@stockplant.com.br',TRUE,TRUE,'2025-11-19 12:09:23.415648+00:00');
INSERT INTO "auth_user" ("id","password","last_login","is_superuser","username","first_name","last_name","email","is_staff","is_active","date_joined") VALUES (2,'pbkdf2_sha256$1000000$ZvNr8TDCuvMPpo4apvsDWV$lDbfKrrUEZ5R2pdJUH7FmDlO9keNUFLhtoJonjId9RU=',NULL,FALSE,'domingues497@gmail.com','','','domingues497@gmail.com',FALSE,TRUE,'2025-11-19 12:11:09.238803+00:00');
INSERT INTO "auth_user" ("id","password","last_login","is_superuser","username","first_name","last_name","email","is_staff","is_active","date_joined") VALUES (3,'pbkdf2_sha256$1000000$cXfZldKXBVkVg0LV07EThT$wJ8zaE40Vn+iOZX2cQ6QCTmQqqSSoqLN6hHyy0C11eM=',NULL,FALSE,'cliente','','','produtor@gmail.com',FALSE,TRUE,'2025-11-19 12:15:05.693164+00:00');
INSERT INTO "django_content_type" ("id","app_label","model") VALUES (1,'admin','logentry');
INSERT INTO "django_content_type" ("id","app_label","model") VALUES (2,'auth','permission');
INSERT INTO "django_content_type" ("id","app_label","model") VALUES (3,'auth','group');
INSERT INTO "django_content_type" ("id","app_label","model") VALUES (4,'auth','user');
INSERT INTO "django_content_type" ("id","app_label","model") VALUES (5,'contenttypes','contenttype');
INSERT INTO "django_content_type" ("id","app_label","model") VALUES (6,'sessions','session');
INSERT INTO "django_content_type" ("id","app_label","model") VALUES (7,'accounts','userrole');
INSERT INTO "django_content_type" ("id","app_label","model") VALUES (8,'farm','fazenda');
INSERT INTO "django_content_type" ("id","app_label","model") VALUES (9,'farm','cultivo');
INSERT INTO "django_content_type" ("id","app_label","model") VALUES (10,'farm','cultivar');
INSERT INTO "django_content_type" ("id","app_label","model") VALUES (11,'farm','culturainfo');
INSERT INTO "django_content_type" ("id","app_label","model") VALUES (12,'stockapp','stockentry');
INSERT INTO "django_content_type" ("id","app_label","model") VALUES (13,'marketplace','oferta');
INSERT INTO "farm_cultivar" ("id","cultura","variedade","criado_em","cultura_info_id") VALUES (1,'Milho','NEX 5566PW','2025-11-19 12:33:02.227574+00:00',5);
INSERT INTO "farm_cultivar" ("id","cultura","variedade","criado_em","cultura_info_id") VALUES (2,'Milho','BX710','2025-11-19 12:33:02.232125+00:00',5);
INSERT INTO "farm_cultivar" ("id","cultura","variedade","criado_em","cultura_info_id") VALUES (3,'Milho','L14141G','2025-11-19 12:33:02.234245+00:00',5);
INSERT INTO "farm_cultivar" ("id","cultura","variedade","criado_em","cultura_info_id") VALUES (4,'Milho','S356','2025-11-19 12:33:02.238756+00:00',5);
INSERT INTO "farm_cultivar" ("id","cultura","variedade","criado_em","cultura_info_id") VALUES (5,'Milho','FS670PWU','2025-11-19 12:33:02.242480+00:00',5);
INSERT INTO "farm_cultivar" ("id","cultura","variedade","criado_em","cultura_info_id") VALUES (6,'Milho','C8EB20','2025-11-19 12:33:02.244570+00:00',5);
INSERT INTO "farm_cultivar" ("id","cultura","variedade","criado_em","cultura_info_id") VALUES (7,'Milho','D9EB47','2025-11-19 12:33:02.246741+00:00',5);
INSERT INTO "farm_cultivar" ("id","cultura","variedade","criado_em","cultura_info_id") VALUES (8,'Milho','MTTTE184','2025-11-19 12:33:02.249112+00:00',5);
INSERT INTO "farm_cultivar" ("id","cultura","variedade","criado_em","cultura_info_id") VALUES (9,'Milho','MTTTG254','2025-11-19 12:33:02.251315+00:00',5);
INSERT INTO "farm_cultivar" ("id","cultura","variedade","criado_em","cultura_info_id") VALUES (10,'Milho','MTYYF558','2025-11-19 12:33:02.253834+00:00',5);
INSERT INTO "farm_cultivar" ("id","cultura","variedade","criado_em","cultura_info_id") VALUES (11,'Milho','MTYYF638','2025-11-19 12:33:02.256427+00:00',5);
INSERT INTO "farm_cultivar" ("id","cultura","variedade","criado_em","cultura_info_id") VALUES (12,'Soja','5855RSF IPRO','2025-11-19 12:33:02.258815+00:00',4);
INSERT INTO "farm_cultivar" ("id","cultura","variedade","criado_em","cultura_info_id") VALUES (13,'Soja','L60177 IPRO','2025-11-19 12:33:02.262303+00:00',4);
INSERT INTO "farm_cultivar" ("id","cultura","variedade","criado_em","cultura_info_id") VALUES (14,'Soja','6970RSF IPRO','2025-11-19 12:33:02.265060+00:00',4);
INSERT INTO "farm_cultivar" ("id","cultura","variedade","criado_em","cultura_info_id") VALUES (15,'Soja','9086RSF IPRO','2025-11-19 12:33:02.267233+00:00',4);
INSERT INTO "farm_cultivar" ("id","cultura","variedade","criado_em","cultura_info_id") VALUES (16,'Soja','53I54RSF IPRO','2025-11-19 12:33:02.269373+00:00',4);
INSERT INTO "farm_cultivar" ("id","cultura","variedade","criado_em","cultura_info_id") VALUES (17,'Soja','SBK247027','2025-11-19 12:33:02.271339+00:00',4);
INSERT INTO "farm_cultivar" ("id","cultura","variedade","criado_em","cultura_info_id") VALUES (18,'Soja','SBQ247005','2025-11-19 12:33:02.272926+00:00',4);
INSERT INTO "farm_cultivar" ("id","cultura","variedade","criado_em","cultura_info_id") VALUES (19,'Soja','C2775E','2025-11-19 12:33:02.274236+00:00',4);
INSERT INTO "farm_cultivar" ("id","cultura","variedade","criado_em","cultura_info_id") VALUES (20,'Trigo','BRS 254','2025-11-19 12:33:02.275944+00:00',3);
INSERT INTO "farm_cultivar" ("id","cultura","variedade","criado_em","cultura_info_id") VALUES (21,'Trigo','BRS 264','2025-11-19 12:33:02.278785+00:00',3);
INSERT INTO "farm_cultivar" ("id","cultura","variedade","criado_em","cultura_info_id") VALUES (22,'Trigo','ORS LAMPIÃO','2025-11-19 12:33:02.280713+00:00',3);
INSERT INTO "farm_cultivar" ("id","cultura","variedade","criado_em","cultura_info_id") VALUES (23,'Cevada','Erecta','2025-11-19 12:33:02.282562+00:00',2);
INSERT INTO "farm_cultivar" ("id","cultura","variedade","criado_em","cultura_info_id") VALUES (24,'Cevada','Iapar 39 (Acumaí)','2025-11-19 12:33:02.284043+00:00',2);
INSERT INTO "farm_cultivo" ("id","cultura","variedade","area_ha","data_plantio","data_prevista_colheita","criado_em","fazenda_id","kg_por_saca","sacas_por_ha","safra") VALUES (3,'Cevada','Cevada',1.00,'2023-06-01','2023-10-14','2025-11-19 12:33:02.111177+00:00',7,60.00,50.00,'22/22');
INSERT INTO "farm_cultivo" ("id","cultura","variedade","area_ha","data_plantio","data_prevista_colheita","criado_em","fazenda_id","kg_por_saca","sacas_por_ha","safra") VALUES (4,'Cevada','Cevada',2.00,'2022-07-02','2022-11-14','2025-11-19 12:33:02.113560+00:00',7,60.00,51.00,'22/22');
INSERT INTO "farm_cultivo" ("id","cultura","variedade","area_ha","data_plantio","data_prevista_colheita","criado_em","fazenda_id","kg_por_saca","sacas_por_ha","safra") VALUES (5,'Trigo','Trigo',3.00,'2022-08-03','2022-12-16','2025-11-19 12:33:02.115694+00:00',7,60.00,52.00,'22/22');
INSERT INTO "farm_cultivo" ("id","cultura","variedade","area_ha","data_plantio","data_prevista_colheita","criado_em","fazenda_id","kg_por_saca","sacas_por_ha","safra") VALUES (6,'Trigo','Trigo',4.00,'2023-06-04','2023-10-17','2025-11-19 12:33:02.117690+00:00',7,60.00,53.00,'22/22');
INSERT INTO "farm_cultivo" ("id","cultura","variedade","area_ha","data_plantio","data_prevista_colheita","criado_em","fazenda_id","kg_por_saca","sacas_por_ha","safra") VALUES (7,'Cevada','Cevada',1.00,'2022-07-05','2022-11-17','2025-11-19 12:33:02.119623+00:00',8,60.00,54.00,'22/22');
INSERT INTO "farm_cultivo" ("id","cultura","variedade","area_ha","data_plantio","data_prevista_colheita","criado_em","fazenda_id","kg_por_saca","sacas_por_ha","safra") VALUES (8,'Cevada','Cevada',2.00,'2022-08-06','2022-12-19','2025-11-19 12:33:02.121186+00:00',8,60.00,55.00,'22/22');
INSERT INTO "farm_cultivo" ("id","cultura","variedade","area_ha","data_plantio","data_prevista_colheita","criado_em","fazenda_id","kg_por_saca","sacas_por_ha","safra") VALUES (9,'Trigo','Trigo',3.00,'2023-06-07','2023-10-20','2025-11-19 12:33:02.122661+00:00',8,60.00,56.00,'22/22');
INSERT INTO "farm_cultivo" ("id","cultura","variedade","area_ha","data_plantio","data_prevista_colheita","criado_em","fazenda_id","kg_por_saca","sacas_por_ha","safra") VALUES (10,'Trigo','Trigo',4.00,'2022-07-08','2022-11-20','2025-11-19 12:33:02.124120+00:00',8,60.00,57.00,'22/22');
INSERT INTO "farm_cultivo" ("id","cultura","variedade","area_ha","data_plantio","data_prevista_colheita","criado_em","fazenda_id","kg_por_saca","sacas_por_ha","safra") VALUES (11,'Soja','Soja',1.00,'2022-11-01','2023-03-01','2025-11-19 12:33:02.125519+00:00',7,60.00,50.00,'22/23');
INSERT INTO "farm_cultivo" ("id","cultura","variedade","area_ha","data_plantio","data_prevista_colheita","criado_em","fazenda_id","kg_por_saca","sacas_por_ha","safra") VALUES (12,'Soja','Soja',2.00,'2022-12-02','2023-04-01','2025-11-19 12:33:02.126897+00:00',7,60.00,51.00,'22/23');
INSERT INTO "farm_cultivo" ("id","cultura","variedade","area_ha","data_plantio","data_prevista_colheita","criado_em","fazenda_id","kg_por_saca","sacas_por_ha","safra") VALUES (13,'Milho','Milho',3.00,'2023-01-03','2023-05-03','2025-11-19 12:33:02.130704+00:00',7,60.00,52.00,'22/23');
INSERT INTO "farm_cultivo" ("id","cultura","variedade","area_ha","data_plantio","data_prevista_colheita","criado_em","fazenda_id","kg_por_saca","sacas_por_ha","safra") VALUES (14,'Milho','Milho',4.00,'2022-11-04','2023-03-04','2025-11-19 12:33:02.133226+00:00',7,60.00,53.00,'22/23');
INSERT INTO "farm_cultivo" ("id","cultura","variedade","area_ha","data_plantio","data_prevista_colheita","criado_em","fazenda_id","kg_por_saca","sacas_por_ha","safra") VALUES (15,'Soja','Soja',1.00,'2022-12-05','2023-04-04','2025-11-19 12:33:02.135378+00:00',8,60.00,54.00,'22/23');
INSERT INTO "farm_cultivo" ("id","cultura","variedade","area_ha","data_plantio","data_prevista_colheita","criado_em","fazenda_id","kg_por_saca","sacas_por_ha","safra") VALUES (16,'Soja','Soja',2.00,'2023-01-06','2023-05-06','2025-11-19 12:33:02.137764+00:00',8,60.00,55.00,'22/23');
INSERT INTO "farm_cultivo" ("id","cultura","variedade","area_ha","data_plantio","data_prevista_colheita","criado_em","fazenda_id","kg_por_saca","sacas_por_ha","safra") VALUES (17,'Milho','Milho',3.00,'2022-11-07','2023-03-07','2025-11-19 12:33:02.140333+00:00',8,60.00,56.00,'22/23');
INSERT INTO "farm_cultivo" ("id","cultura","variedade","area_ha","data_plantio","data_prevista_colheita","criado_em","fazenda_id","kg_por_saca","sacas_por_ha","safra") VALUES (18,'Milho','Milho',4.00,'2022-12-08','2023-04-07','2025-11-19 12:33:02.142424+00:00',8,60.00,57.00,'22/23');
INSERT INTO "farm_cultivo" ("id","cultura","variedade","area_ha","data_plantio","data_prevista_colheita","criado_em","fazenda_id","kg_por_saca","sacas_por_ha","safra") VALUES (19,'Cevada','Cevada',1.00,'2024-06-01','2024-10-14','2025-11-19 12:33:02.144255+00:00',7,60.00,50.00,'23/23');
INSERT INTO "farm_cultivo" ("id","cultura","variedade","area_ha","data_plantio","data_prevista_colheita","criado_em","fazenda_id","kg_por_saca","sacas_por_ha","safra") VALUES (20,'Cevada','Cevada',2.00,'2023-07-02','2023-11-14','2025-11-19 12:33:02.146391+00:00',7,60.00,51.00,'23/23');
INSERT INTO "farm_cultivo" ("id","cultura","variedade","area_ha","data_plantio","data_prevista_colheita","criado_em","fazenda_id","kg_por_saca","sacas_por_ha","safra") VALUES (21,'Trigo','Trigo',3.00,'2023-08-03','2023-12-16','2025-11-19 12:33:02.148816+00:00',7,60.00,52.00,'23/23');
INSERT INTO "farm_cultivo" ("id","cultura","variedade","area_ha","data_plantio","data_prevista_colheita","criado_em","fazenda_id","kg_por_saca","sacas_por_ha","safra") VALUES (22,'Trigo','Trigo',4.00,'2024-06-04','2024-10-17','2025-11-19 12:33:02.150711+00:00',7,60.00,53.00,'23/23');
INSERT INTO "farm_cultivo" ("id","cultura","variedade","area_ha","data_plantio","data_prevista_colheita","criado_em","fazenda_id","kg_por_saca","sacas_por_ha","safra") VALUES (23,'Cevada','Cevada',1.00,'2023-07-05','2023-11-17','2025-11-19 12:33:02.153095+00:00',8,60.00,54.00,'23/23');
INSERT INTO "farm_cultivo" ("id","cultura","variedade","area_ha","data_plantio","data_prevista_colheita","criado_em","fazenda_id","kg_por_saca","sacas_por_ha","safra") VALUES (24,'Cevada','Cevada',2.00,'2023-08-06','2023-12-19','2025-11-19 12:33:02.155302+00:00',8,60.00,55.00,'23/23');
INSERT INTO "farm_cultivo" ("id","cultura","variedade","area_ha","data_plantio","data_prevista_colheita","criado_em","fazenda_id","kg_por_saca","sacas_por_ha","safra") VALUES (25,'Trigo','Trigo',3.00,'2024-06-07','2024-10-20','2025-11-19 12:33:02.157281+00:00',8,60.00,56.00,'23/23');
INSERT INTO "farm_cultivo" ("id","cultura","variedade","area_ha","data_plantio","data_prevista_colheita","criado_em","fazenda_id","kg_por_saca","sacas_por_ha","safra") VALUES (26,'Trigo','Trigo',4.00,'2023-07-08','2023-11-20','2025-11-19 12:33:02.159068+00:00',8,60.00,57.00,'23/23');
INSERT INTO "farm_cultivo" ("id","cultura","variedade","area_ha","data_plantio","data_prevista_colheita","criado_em","fazenda_id","kg_por_saca","sacas_por_ha","safra") VALUES (27,'Soja','Soja',1.00,'2023-11-01','2024-02-29','2025-11-19 12:33:02.160891+00:00',7,60.00,50.00,'23/24');
INSERT INTO "farm_cultivo" ("id","cultura","variedade","area_ha","data_plantio","data_prevista_colheita","criado_em","fazenda_id","kg_por_saca","sacas_por_ha","safra") VALUES (28,'Soja','Soja',2.00,'2023-12-02','2024-03-31','2025-11-19 12:33:02.162455+00:00',7,60.00,51.00,'23/24');
INSERT INTO "farm_cultivo" ("id","cultura","variedade","area_ha","data_plantio","data_prevista_colheita","criado_em","fazenda_id","kg_por_saca","sacas_por_ha","safra") VALUES (29,'Milho','Milho',3.00,'2024-01-03','2024-05-02','2025-11-19 12:33:02.163903+00:00',7,60.00,52.00,'23/24');
INSERT INTO "farm_cultivo" ("id","cultura","variedade","area_ha","data_plantio","data_prevista_colheita","criado_em","fazenda_id","kg_por_saca","sacas_por_ha","safra") VALUES (30,'Milho','Milho',4.00,'2023-11-04','2024-03-03','2025-11-19 12:33:02.165332+00:00',7,60.00,53.00,'23/24');
INSERT INTO "farm_cultivo" ("id","cultura","variedade","area_ha","data_plantio","data_prevista_colheita","criado_em","fazenda_id","kg_por_saca","sacas_por_ha","safra") VALUES (31,'Soja','Soja',1.00,'2023-12-05','2024-04-03','2025-11-19 12:33:02.166690+00:00',8,60.00,54.00,'23/24');
INSERT INTO "farm_cultivo" ("id","cultura","variedade","area_ha","data_plantio","data_prevista_colheita","criado_em","fazenda_id","kg_por_saca","sacas_por_ha","safra") VALUES (32,'Soja','Soja',2.00,'2024-01-06','2024-05-05','2025-11-19 12:33:02.168051+00:00',8,60.00,55.00,'23/24');
INSERT INTO "farm_cultivo" ("id","cultura","variedade","area_ha","data_plantio","data_prevista_colheita","criado_em","fazenda_id","kg_por_saca","sacas_por_ha","safra") VALUES (33,'Milho','Milho',3.00,'2023-11-07','2024-03-06','2025-11-19 12:33:02.169680+00:00',8,60.00,56.00,'23/24');
INSERT INTO "farm_cultivo" ("id","cultura","variedade","area_ha","data_plantio","data_prevista_colheita","criado_em","fazenda_id","kg_por_saca","sacas_por_ha","safra") VALUES (34,'Milho','Milho',4.00,'2023-12-08','2024-04-06','2025-11-19 12:33:02.171253+00:00',8,60.00,57.00,'23/24');
INSERT INTO "farm_cultivo" ("id","cultura","variedade","area_ha","data_plantio","data_prevista_colheita","criado_em","fazenda_id","kg_por_saca","sacas_por_ha","safra") VALUES (35,'Cevada','Cevada',1.00,'2025-06-01','2025-10-14','2025-11-19 12:33:02.172734+00:00',7,60.00,50.00,'24/24');
INSERT INTO "farm_cultivo" ("id","cultura","variedade","area_ha","data_plantio","data_prevista_colheita","criado_em","fazenda_id","kg_por_saca","sacas_por_ha","safra") VALUES (36,'Cevada','Cevada',2.00,'2024-07-02','2024-11-14','2025-11-19 12:33:02.174144+00:00',7,60.00,51.00,'24/24');
INSERT INTO "farm_cultivo" ("id","cultura","variedade","area_ha","data_plantio","data_prevista_colheita","criado_em","fazenda_id","kg_por_saca","sacas_por_ha","safra") VALUES (37,'Trigo','Trigo',3.00,'2024-08-03','2024-12-16','2025-11-19 12:33:02.175669+00:00',7,60.00,52.00,'24/24');
INSERT INTO "farm_cultivo" ("id","cultura","variedade","area_ha","data_plantio","data_prevista_colheita","criado_em","fazenda_id","kg_por_saca","sacas_por_ha","safra") VALUES (38,'Trigo','Trigo',4.00,'2025-06-04','2025-10-17','2025-11-19 12:33:02.177565+00:00',7,60.00,53.00,'24/24');
INSERT INTO "farm_cultivo" ("id","cultura","variedade","area_ha","data_plantio","data_prevista_colheita","criado_em","fazenda_id","kg_por_saca","sacas_por_ha","safra") VALUES (39,'Cevada','Cevada',1.00,'2024-07-05','2024-11-17','2025-11-19 12:33:02.179187+00:00',8,60.00,54.00,'24/24');
INSERT INTO "farm_cultivo" ("id","cultura","variedade","area_ha","data_plantio","data_prevista_colheita","criado_em","fazenda_id","kg_por_saca","sacas_por_ha","safra") VALUES (40,'Cevada','Cevada',2.00,'2024-08-06','2024-12-19','2025-11-19 12:33:02.180567+00:00',8,60.00,55.00,'24/24');
INSERT INTO "farm_cultivo" ("id","cultura","variedade","area_ha","data_plantio","data_prevista_colheita","criado_em","fazenda_id","kg_por_saca","sacas_por_ha","safra") VALUES (41,'Trigo','Trigo',3.00,'2025-06-07','2025-10-20','2025-11-19 12:33:02.181918+00:00',8,60.00,56.00,'24/24');
INSERT INTO "farm_cultivo" ("id","cultura","variedade","area_ha","data_plantio","data_prevista_colheita","criado_em","fazenda_id","kg_por_saca","sacas_por_ha","safra") VALUES (42,'Trigo','Trigo',4.00,'2024-07-08','2024-11-20','2025-11-19 12:33:02.183233+00:00',8,60.00,57.00,'24/24');
INSERT INTO "farm_cultivo" ("id","cultura","variedade","area_ha","data_plantio","data_prevista_colheita","criado_em","fazenda_id","kg_por_saca","sacas_por_ha","safra") VALUES (43,'Soja','Soja',1.00,'2024-11-01','2025-03-01','2025-11-19 12:33:02.184840+00:00',7,60.00,50.00,'24/25');
INSERT INTO "farm_cultivo" ("id","cultura","variedade","area_ha","data_plantio","data_prevista_colheita","criado_em","fazenda_id","kg_por_saca","sacas_por_ha","safra") VALUES (44,'Soja','Soja',2.00,'2024-12-02','2025-04-01','2025-11-19 12:33:02.186338+00:00',7,60.00,51.00,'24/25');
INSERT INTO "farm_cultivo" ("id","cultura","variedade","area_ha","data_plantio","data_prevista_colheita","criado_em","fazenda_id","kg_por_saca","sacas_por_ha","safra") VALUES (45,'Milho','Milho',3.00,'2025-01-03','2025-05-03','2025-11-19 12:33:02.187723+00:00',7,60.00,52.00,'24/25');
INSERT INTO "farm_cultivo" ("id","cultura","variedade","area_ha","data_plantio","data_prevista_colheita","criado_em","fazenda_id","kg_por_saca","sacas_por_ha","safra") VALUES (46,'Milho','Milho',4.00,'2024-11-04','2025-03-04','2025-11-19 12:33:02.189067+00:00',7,60.00,53.00,'24/25');
INSERT INTO "farm_cultivo" ("id","cultura","variedade","area_ha","data_plantio","data_prevista_colheita","criado_em","fazenda_id","kg_por_saca","sacas_por_ha","safra") VALUES (47,'Soja','Soja',1.00,'2024-12-05','2025-04-04','2025-11-19 12:33:02.190437+00:00',8,60.00,54.00,'24/25');
INSERT INTO "farm_cultivo" ("id","cultura","variedade","area_ha","data_plantio","data_prevista_colheita","criado_em","fazenda_id","kg_por_saca","sacas_por_ha","safra") VALUES (48,'Soja','Soja',2.00,'2025-01-06','2025-05-06','2025-11-19 12:33:02.192646+00:00',8,60.00,55.00,'24/25');
INSERT INTO "farm_cultivo" ("id","cultura","variedade","area_ha","data_plantio","data_prevista_colheita","criado_em","fazenda_id","kg_por_saca","sacas_por_ha","safra") VALUES (49,'Milho','Milho',3.00,'2024-11-07','2025-03-07','2025-11-19 12:33:02.194984+00:00',8,60.00,56.00,'24/25');
INSERT INTO "farm_cultivo" ("id","cultura","variedade","area_ha","data_plantio","data_prevista_colheita","criado_em","fazenda_id","kg_por_saca","sacas_por_ha","safra") VALUES (50,'Milho','Milho',4.00,'2024-12-08','2025-04-07','2025-11-19 12:33:02.196951+00:00',8,60.00,57.00,'24/25');
INSERT INTO "farm_cultivo" ("id","cultura","variedade","area_ha","data_plantio","data_prevista_colheita","criado_em","fazenda_id","kg_por_saca","sacas_por_ha","safra") VALUES (51,'Cevada','Cevada',1.00,'2026-06-01','2026-10-14','2025-11-19 12:33:02.198579+00:00',7,60.00,50.00,'25/25');
INSERT INTO "farm_cultivo" ("id","cultura","variedade","area_ha","data_plantio","data_prevista_colheita","criado_em","fazenda_id","kg_por_saca","sacas_por_ha","safra") VALUES (52,'Cevada','Cevada',2.00,'2025-07-02','2025-11-14','2025-11-19 12:33:02.200042+00:00',7,60.00,51.00,'25/25');
INSERT INTO "farm_cultivo" ("id","cultura","variedade","area_ha","data_plantio","data_prevista_colheita","criado_em","fazenda_id","kg_por_saca","sacas_por_ha","safra") VALUES (53,'Trigo','Trigo',3.00,'2025-08-03','2025-12-16','2025-11-19 12:33:02.201434+00:00',7,60.00,52.00,'25/25');
INSERT INTO "farm_cultivo" ("id","cultura","variedade","area_ha","data_plantio","data_prevista_colheita","criado_em","fazenda_id","kg_por_saca","sacas_por_ha","safra") VALUES (54,'Trigo','Trigo',4.00,'2026-06-04','2026-10-17','2025-11-19 12:33:02.203815+00:00',7,60.00,53.00,'25/25');
INSERT INTO "farm_cultivo" ("id","cultura","variedade","area_ha","data_plantio","data_prevista_colheita","criado_em","fazenda_id","kg_por_saca","sacas_por_ha","safra") VALUES (55,'Cevada','Cevada',1.00,'2025-07-05','2025-11-17','2025-11-19 12:33:02.205542+00:00',8,60.00,54.00,'25/25');
INSERT INTO "farm_cultivo" ("id","cultura","variedade","area_ha","data_plantio","data_prevista_colheita","criado_em","fazenda_id","kg_por_saca","sacas_por_ha","safra") VALUES (56,'Cevada','Cevada',2.00,'2025-08-06','2025-12-19','2025-11-19 12:33:02.207300+00:00',8,60.00,55.00,'25/25');
INSERT INTO "farm_cultivo" ("id","cultura","variedade","area_ha","data_plantio","data_prevista_colheita","criado_em","fazenda_id","kg_por_saca","sacas_por_ha","safra") VALUES (57,'Trigo','Trigo',3.00,'2026-06-07','2026-10-20','2025-11-19 12:33:02.208766+00:00',8,60.00,56.00,'25/25');
INSERT INTO "farm_cultivo" ("id","cultura","variedade","area_ha","data_plantio","data_prevista_colheita","criado_em","fazenda_id","kg_por_saca","sacas_por_ha","safra") VALUES (58,'Trigo','Trigo',4.00,'2025-07-08','2025-11-20','2025-11-19 12:33:02.210154+00:00',8,60.00,57.00,'25/25');
INSERT INTO "farm_cultivo" ("id","cultura","variedade","area_ha","data_plantio","data_prevista_colheita","criado_em","fazenda_id","kg_por_saca","sacas_por_ha","safra") VALUES (59,'Soja','Soja',1.00,'2025-11-01','2026-03-01','2025-11-19 12:33:02.211798+00:00',7,60.00,50.00,'25/26');
INSERT INTO "farm_cultivo" ("id","cultura","variedade","area_ha","data_plantio","data_prevista_colheita","criado_em","fazenda_id","kg_por_saca","sacas_por_ha","safra") VALUES (60,'Soja','Soja',2.00,'2025-12-02','2026-04-01','2025-11-19 12:33:02.213162+00:00',7,60.00,51.00,'25/26');
INSERT INTO "farm_cultivo" ("id","cultura","variedade","area_ha","data_plantio","data_prevista_colheita","criado_em","fazenda_id","kg_por_saca","sacas_por_ha","safra") VALUES (61,'Milho','Milho',3.00,'2026-01-03','2026-05-03','2025-11-19 12:33:02.214510+00:00',7,60.00,52.00,'25/26');
INSERT INTO "farm_cultivo" ("id","cultura","variedade","area_ha","data_plantio","data_prevista_colheita","criado_em","fazenda_id","kg_por_saca","sacas_por_ha","safra") VALUES (62,'Milho','Milho',4.00,'2025-11-04','2026-03-04','2025-11-19 12:33:02.216082+00:00',7,60.00,53.00,'25/26');
INSERT INTO "farm_cultivo" ("id","cultura","variedade","area_ha","data_plantio","data_prevista_colheita","criado_em","fazenda_id","kg_por_saca","sacas_por_ha","safra") VALUES (63,'Soja','Soja',1.00,'2025-12-05','2026-04-04','2025-11-19 12:33:02.217376+00:00',8,60.00,54.00,'25/26');
INSERT INTO "farm_cultivo" ("id","cultura","variedade","area_ha","data_plantio","data_prevista_colheita","criado_em","fazenda_id","kg_por_saca","sacas_por_ha","safra") VALUES (64,'Soja','Soja',2.00,'2026-01-06','2026-05-06','2025-11-19 12:33:02.219230+00:00',8,60.00,55.00,'25/26');
INSERT INTO "farm_cultivo" ("id","cultura","variedade","area_ha","data_plantio","data_prevista_colheita","criado_em","fazenda_id","kg_por_saca","sacas_por_ha","safra") VALUES (65,'Milho','Milho',3.00,'2025-11-07','2026-03-07','2025-11-19 12:33:02.221003+00:00',8,60.00,56.00,'25/26');
INSERT INTO "farm_cultivo" ("id","cultura","variedade","area_ha","data_plantio","data_prevista_colheita","criado_em","fazenda_id","kg_por_saca","sacas_por_ha","safra") VALUES (66,'Milho','Milho',4.00,'2025-12-08','2026-04-07','2025-11-19 12:33:02.222481+00:00',8,60.00,57.00,'25/26');
INSERT INTO "farm_cultivo" ("id","cultura","variedade","area_ha","data_plantio","data_prevista_colheita","criado_em","fazenda_id","kg_por_saca","sacas_por_ha","safra") VALUES (67,'Feijão','Erecta',10.00,'2025-11-10','2026-02-23','2025-11-19 13:25:34.139405+00:00',8,60.00,152.00,'2025/2026');
INSERT INTO "farm_cultivo" ("id","cultura","variedade","area_ha","data_plantio","data_prevista_colheita","criado_em","fazenda_id","kg_por_saca","sacas_por_ha","safra") VALUES (68,'Milho','L14141G',50.00,'2025-12-07','2026-03-10','2025-11-19 13:26:16.875152+00:00',8,60.00,49.00,'2025/2026');
INSERT INTO "farm_cultivo" ("id","cultura","variedade","area_ha","data_plantio","data_prevista_colheita","criado_em","fazenda_id","kg_por_saca","sacas_por_ha","safra") VALUES (69,'Soja','5855RSF IPRO',100.00,'2026-03-16','2026-08-24','2025-11-19 13:43:52.345355+00:00',1,60.00,103.00,'2026/2026');
INSERT INTO "farm_culturainfo" ("id","nome","imagem_url","criado_em") VALUES (2,'Feijão','https://d2yghbees9788u.cloudfront.net/agrishow/2022/06/284984827_5199873233426021_9153796083049295560_n.jpg','2025-11-19 12:38:45.853350+00:00');
INSERT INTO "farm_culturainfo" ("id","nome","imagem_url","criado_em") VALUES (3,'Trigo','https://encrypted-tbn0.gstatic.com/images?q=tbn:ANd9GcSMMDZLKgZbj3BN9VlzCQUGtmWws_rMf_l1Xg&s','2025-11-19 12:38:45.856826+00:00');
INSERT INTO "farm_culturainfo" ("id","nome","imagem_url","criado_em") VALUES (4,'Soja','https://www.gov.br/pt-br/noticias/agricultura-e-pecuaria/2021/09/calendarios-de-semeadura-de-soja-passam-a-ser-obrigatorios-para-20-estados/mapa.jpeg/@@images/96a55d15-ad3b-4fa3-b7f9-40b4280f4386.jpeg','2025-11-19 12:38:45.859668+00:00');
INSERT INTO "farm_culturainfo" ("id","nome","imagem_url","criado_em") VALUES (5,'Milho','https://encrypted-tbn0.gstatic.com/images?q=tbn:ANd9GcTLXp6aIF6N7V7cYGJe0jeeFhyyWYArW5-spg&s','2025-11-19 12:38:45.861516+00:00');
INSERT INTO "farm_culturainfo" ("id","nome","imagem_url","criado_em") VALUES (1,'Cevada','https://amanha.com.br/images/p/15189/b2ap3_large_cevada-Imagem-de-Nicky--Pixabay-.jpg','2025-11-19 12:37:16.903740+00:00');
INSERT INTO "farm_fazenda" ("id","nome","cep","latitude","longitude","criado_em","produtor_id","areacultivada","areatotal","cidade","estado") VALUES (1,'AREIAO','84010300',-25.108000,-50.230900,'2025-11-19 12:17:54.703968+00:00',2,580.00,595.00,'Ponta Grossa','PR');
INSERT INTO "farm_fazenda" ("id","nome","cep","latitude","longitude","criado_em","produtor_id","areacultivada","areatotal","cidade","estado") VALUES (2,'Fazenda Norte','79000-000',-20.469700,-54.620100,'2025-11-19 12:23:28.230546+00:00',2,80.00,120.00,'Campo Grande','MS');
INSERT INTO "farm_fazenda" ("id","nome","cep","latitude","longitude","criado_em","produtor_id","areacultivada","areatotal","cidade","estado") VALUES (3,'Fazenda Sul','96000-000',-31.771500,-52.342500,'2025-11-19 12:23:28.235358+00:00',2,90.00,150.00,'Pelotas','RS');
INSERT INTO "farm_fazenda" ("id","nome","cep","latitude","longitude","criado_em","produtor_id","areacultivada","areatotal","cidade","estado") VALUES (4,'Fazenda Leste','86000-000',-23.310000,-51.160000,'2025-11-19 12:23:28.238024+00:00',2,70.00,110.00,'Londrina','PR');
INSERT INTO "farm_fazenda" ("id","nome","cep","latitude","longitude","criado_em","produtor_id","areacultivada","areatotal","cidade","estado") VALUES (5,'Fazenda Oeste','85800-000',-24.955500,-53.455200,'2025-11-19 12:23:28.241189+00:00',2,85.00,130.00,'Cascavel','PR');
INSERT INTO "farm_fazenda" ("id","nome","cep","latitude","longitude","criado_em","produtor_id","areacultivada","areatotal","cidade","estado") VALUES (6,'Fazenda Centro','74000-000',-16.686900,-49.264800,'2025-11-19 12:23:28.244372+00:00',2,95.00,140.00,'Goiânia','GO');
INSERT INTO "farm_fazenda" ("id","nome","cep","latitude","longitude","criado_em","produtor_id","areacultivada","areatotal","cidade","estado") VALUES (7,'Fazenda Primavera','13000-000',-22.905600,-47.060800,'2025-11-19 12:33:02.079883+00:00',2,60.00,100.00,'Campinas','SP');
INSERT INTO "farm_fazenda" ("id","nome","cep","latitude","longitude","criado_em","produtor_id","areacultivada","areatotal","cidade","estado") VALUES (8,'Fazenda Verão','80000-000',-25.428400,-49.273300,'2025-11-19 12:33:02.083178+00:00',2,90.00,150.00,'Curitiba','PR');
INSERT INTO "marketplace_oferta" ("id","cultura","variedade","origem","preco_kg","quantidade_kg","ativo","criado_em","cultivo_id") VALUES (1,'Cevada','Cevada','Fazenda Primavera',2.50,500.00,TRUE,'2025-11-19 12:33:02.294523+00:00',3);
INSERT INTO "marketplace_oferta" ("id","cultura","variedade","origem","preco_kg","quantidade_kg","ativo","criado_em","cultivo_id") VALUES (2,'Cevada','Cevada','Fazenda Primavera',2.60,500.00,TRUE,'2025-11-19 12:33:02.303970+00:00',4);
INSERT INTO "marketplace_oferta" ("id","cultura","variedade","origem","preco_kg","quantidade_kg","ativo","criado_em","cultivo_id") VALUES (3,'Trigo','Trigo','Fazenda Primavera',2.70,500.00,TRUE,'2025-11-19 12:33:02.309237+00:00',5);
INSERT INTO "marketplace_oferta" ("id","cultura","variedade","origem","preco_kg","quantidade_kg","ativo","criado_em","cultivo_id") VALUES (4,'Trigo','Trigo','Fazenda Primavera',2.80,500.00,TRUE,'2025-11-19 12:33:02.316895+00:00',6);
INSERT INTO "marketplace_oferta" ("id","cultura","variedade","origem","preco_kg","quantidade_kg","ativo","criado_em","cultivo_id") VALUES (5,'Cevada','Cevada','Fazenda Verão',2.90,500.00,TRUE,'2025-11-19 12:33:02.326044+00:00',7);
INSERT INTO "marketplace_oferta" ("id","cultura","variedade","origem","preco_kg","quantidade_kg","ativo","criado_em","cultivo_id") VALUES (6,'Cevada','Cevada','Fazenda Verão',2.50,500.00,TRUE,'2025-11-19 12:33:02.333416+00:00',8);
INSERT INTO "marketplace_oferta" ("id","cultura","variedade","origem","preco_kg","quantidade_kg","ativo","criado_em","cultivo_id") VALUES (7,'Trigo','Trigo','Fazenda Verão',2.60,500.00,TRUE,'2025-11-19 12:33:02.339740+00:00',9);
INSERT INTO "marketplace_oferta" ("id","cultura","variedade","origem","preco_kg","quantidade_kg","ativo","criado_em","cultivo_id") VALUES (8,'Trigo','Trigo','Fazenda Verão',2.70,500.00,TRUE,'2025-11-19 12:33:02.346041+00:00',10);
INSERT INTO "marketplace_oferta" ("id","cultura","variedade","origem","preco_kg","quantidade_kg","ativo","criado_em","cultivo_id") VALUES (9,'Soja','Soja','Fazenda Primavera',2.80,500.00,TRUE,'2025-11-19 12:33:02.351529+00:00',11);
INSERT INTO "marketplace_oferta" ("id","cultura","variedade","origem","preco_kg","quantidade_kg","ativo","criado_em","cultivo_id") VALUES (10,'Soja','Soja','Fazenda Primavera',2.90,500.00,TRUE,'2025-11-19 12:33:02.357407+00:00',12);
INSERT INTO "marketplace_oferta" ("id","cultura","variedade","origem","preco_kg","quantidade_kg","ativo","criado_em","cultivo_id") VALUES (11,'Soja','Soja','',1.25,6600.00,TRUE,'2025-11-19 13:51:07.601207+00:00',32);
INSERT INTO "stockapp_stockentry" ("id","quantidade_kg","tipo","observacao","criado_em","cultivo_id") VALUES (1,3000.00,'colheita','Seed colheita','2025-11-19 12:33:02.288723+00:00',3);
INSERT INTO "stockapp_stockentry" ("id","quantidade_kg","tipo","observacao","criado_em","cultivo_id") VALUES (2,250.00,'ajuste','Seed ajuste','2025-11-19 12:33:02.291681+00:00',3);
INSERT INTO "stockapp_stockentry" ("id","quantidade_kg","tipo","observacao","criado_em","cultivo_id") VALUES (3,6120.00,'colheita','Seed colheita','2025-11-19 12:33:02.298474+00:00',4);
INSERT INTO "stockapp_stockentry" ("id","quantidade_kg","tipo","observacao","criado_em","cultivo_id") VALUES (4,250.00,'ajuste','Seed ajuste','2025-11-19 12:33:02.300166+00:00',4);
INSERT INTO "stockapp_stockentry" ("id","quantidade_kg","tipo","observacao","criado_em","cultivo_id") VALUES (5,9360.00,'colheita','Seed colheita','2025-11-19 12:33:02.305675+00:00',5);
INSERT INTO "stockapp_stockentry" ("id","quantidade_kg","tipo","observacao","criado_em","cultivo_id") VALUES (6,250.00,'ajuste','Seed ajuste','2025-11-19 12:33:02.307059+00:00',5);
INSERT INTO "stockapp_stockentry" ("id","quantidade_kg","tipo","observacao","criado_em","cultivo_id") VALUES (7,12720.00,'colheita','Seed colheita','2025-11-19 12:33:02.312018+00:00',6);
INSERT INTO "stockapp_stockentry" ("id","quantidade_kg","tipo","observacao","criado_em","cultivo_id") VALUES (8,250.00,'ajuste','Seed ajuste','2025-11-19 12:33:02.313943+00:00',6);
INSERT INTO "stockapp_stockentry" ("id","quantidade_kg","tipo","observacao","criado_em","cultivo_id") VALUES (9,3240.00,'colheita','Seed colheita','2025-11-19 12:33:02.320318+00:00',7);
INSERT INTO "stockapp_stockentry" ("id","quantidade_kg","tipo","observacao","criado_em","cultivo_id") VALUES (10,250.00,'ajuste','Seed ajuste','2025-11-19 12:33:02.323861+00:00',7);
INSERT INTO "stockapp_stockentry" ("id","quantidade_kg","tipo","observacao","criado_em","cultivo_id") VALUES (11,6600.00,'colheita','Seed colheita','2025-11-19 12:33:02.328996+00:00',8);
INSERT INTO "stockapp_stockentry" ("id","quantidade_kg","tipo","observacao","criado_em","cultivo_id") VALUES (12,250.00,'ajuste','Seed ajuste','2025-11-19 12:33:02.331224+00:00',8);
INSERT INTO "stockapp_stockentry" ("id","quantidade_kg","tipo","observacao","criado_em","cultivo_id") VALUES (13,10080.00,'colheita','Seed colheita','2025-11-19 12:33:02.335554+00:00',9);
INSERT INTO "stockapp_stockentry" ("id","quantidade_kg","tipo","observacao","criado_em","cultivo_id") VALUES (14,250.00,'ajuste','Seed ajuste','2025-11-19 12:33:02.337636+00:00',9);
INSERT INTO "stockapp_stockentry" ("id","quantidade_kg","tipo","observacao","criado_em","cultivo_id") VALUES (15,13680.00,'colheita','Seed colheita','2025-11-19 12:33:02.341187+00:00',10);
INSERT INTO "stockapp_stockentry" ("id","quantidade_kg","tipo","observacao","criado_em","cultivo_id") VALUES (16,250.00,'ajuste','Seed ajuste','2025-11-19 12:33:02.342596+00:00',10);
INSERT INTO "stockapp_stockentry" ("id","quantidade_kg","tipo","observacao","criado_em","cultivo_id") VALUES (17,3000.00,'colheita','Seed colheita','2025-11-19 12:33:02.347827+00:00',11);
INSERT INTO "stockapp_stockentry" ("id","quantidade_kg","tipo","observacao","criado_em","cultivo_id") VALUES (18,250.00,'ajuste','Seed ajuste','2025-11-19 12:33:02.349386+00:00',11);
INSERT INTO "stockapp_stockentry" ("id","quantidade_kg","tipo","observacao","criado_em","cultivo_id") VALUES (19,6120.00,'colheita','Seed colheita','2025-11-19 12:33:02.353612+00:00',12);
INSERT INTO "stockapp_stockentry" ("id","quantidade_kg","tipo","observacao","criado_em","cultivo_id") VALUES (20,250.00,'ajuste','Seed ajuste','2025-11-19 12:33:02.355318+00:00',12);
INSERT INTO "stockapp_stockentry" ("id","quantidade_kg","tipo","observacao","criado_em","cultivo_id") VALUES (21,3240.00,'colheita','','2025-11-19 12:52:57.747761+00:00',55);
INSERT INTO "stockapp_stockentry" ("id","quantidade_kg","tipo","observacao","criado_em","cultivo_id") VALUES (22,6120.00,'colheita','','2025-11-19 12:52:57.989256+00:00',52);
INSERT INTO "stockapp_stockentry" ("id","quantidade_kg","tipo","observacao","criado_em","cultivo_id") VALUES (23,13680.00,'colheita','','2025-11-19 12:52:58.149764+00:00',50);
INSERT INTO "stockapp_stockentry" ("id","quantidade_kg","tipo","observacao","criado_em","cultivo_id") VALUES (24,10080.00,'colheita','','2025-11-19 12:52:58.314409+00:00',49);
INSERT INTO "stockapp_stockentry" ("id","quantidade_kg","tipo","observacao","criado_em","cultivo_id") VALUES (25,6600.00,'colheita','','2025-11-19 12:52:58.500392+00:00',48);
INSERT INTO "stockapp_stockentry" ("id","quantidade_kg","tipo","observacao","criado_em","cultivo_id") VALUES (26,3240.00,'colheita','','2025-11-19 12:52:58.638137+00:00',47);
INSERT INTO "stockapp_stockentry" ("id","quantidade_kg","tipo","observacao","criado_em","cultivo_id") VALUES (27,12720.00,'colheita','','2025-11-19 12:52:58.808479+00:00',46);
INSERT INTO "stockapp_stockentry" ("id","quantidade_kg","tipo","observacao","criado_em","cultivo_id") VALUES (28,9360.00,'colheita','','2025-11-19 12:52:58.998394+00:00',45);
INSERT INTO "stockapp_stockentry" ("id","quantidade_kg","tipo","observacao","criado_em","cultivo_id") VALUES (29,6120.00,'colheita','','2025-11-19 12:52:59.177131+00:00',44);
INSERT INTO "stockapp_stockentry" ("id","quantidade_kg","tipo","observacao","criado_em","cultivo_id") VALUES (30,3000.00,'colheita','','2025-11-19 12:52:59.329253+00:00',43);
INSERT INTO "stockapp_stockentry" ("id","quantidade_kg","tipo","observacao","criado_em","cultivo_id") VALUES (31,13680.00,'colheita','','2025-11-19 12:52:59.484782+00:00',42);
INSERT INTO "stockapp_stockentry" ("id","quantidade_kg","tipo","observacao","criado_em","cultivo_id") VALUES (32,10080.00,'colheita','','2025-11-19 12:52:59.662026+00:00',41);
INSERT INTO "stockapp_stockentry" ("id","quantidade_kg","tipo","observacao","criado_em","cultivo_id") VALUES (33,6600.00,'colheita','','2025-11-19 12:52:59.838153+00:00',40);
INSERT INTO "stockapp_stockentry" ("id","quantidade_kg","tipo","observacao","criado_em","cultivo_id") VALUES (34,3240.00,'colheita','','2025-11-19 12:53:00.038738+00:00',39);
INSERT INTO "stockapp_stockentry" ("id","quantidade_kg","tipo","observacao","criado_em","cultivo_id") VALUES (35,12720.00,'colheita','','2025-11-19 12:53:00.228963+00:00',38);
INSERT INTO "stockapp_stockentry" ("id","quantidade_kg","tipo","observacao","criado_em","cultivo_id") VALUES (36,9360.00,'colheita','','2025-11-19 12:53:00.387805+00:00',37);
INSERT INTO "stockapp_stockentry" ("id","quantidade_kg","tipo","observacao","criado_em","cultivo_id") VALUES (37,6120.00,'colheita','','2025-11-19 12:53:00.594014+00:00',36);
INSERT INTO "stockapp_stockentry" ("id","quantidade_kg","tipo","observacao","criado_em","cultivo_id") VALUES (38,3000.00,'colheita','','2025-11-19 12:53:00.744023+00:00',35);
INSERT INTO "stockapp_stockentry" ("id","quantidade_kg","tipo","observacao","criado_em","cultivo_id") VALUES (39,13680.00,'colheita','','2025-11-19 12:53:00.913062+00:00',34);
INSERT INTO "stockapp_stockentry" ("id","quantidade_kg","tipo","observacao","criado_em","cultivo_id") VALUES (40,10080.00,'colheita','','2025-11-19 12:53:01.102984+00:00',33);
INSERT INTO "stockapp_stockentry" ("id","quantidade_kg","tipo","observacao","criado_em","cultivo_id") VALUES (41,6600.00,'colheita','','2025-11-19 12:53:01.271497+00:00',32);
INSERT INTO "stockapp_stockentry" ("id","quantidade_kg","tipo","observacao","criado_em","cultivo_id") VALUES (42,3240.00,'colheita','','2025-11-19 12:53:01.439003+00:00',31);
INSERT INTO "stockapp_stockentry" ("id","quantidade_kg","tipo","observacao","criado_em","cultivo_id") VALUES (43,12720.00,'colheita','','2025-11-19 12:53:01.599805+00:00',30);
INSERT INTO "stockapp_stockentry" ("id","quantidade_kg","tipo","observacao","criado_em","cultivo_id") VALUES (44,9360.00,'colheita','','2025-11-19 12:53:01.770924+00:00',29);
INSERT INTO "stockapp_stockentry" ("id","quantidade_kg","tipo","observacao","criado_em","cultivo_id") VALUES (45,6120.00,'colheita','','2025-11-19 12:53:01.966840+00:00',28);
INSERT INTO "stockapp_stockentry" ("id","quantidade_kg","tipo","observacao","criado_em","cultivo_id") VALUES (46,3000.00,'colheita','','2025-11-19 12:53:02.138639+00:00',27);
INSERT INTO "stockapp_stockentry" ("id","quantidade_kg","tipo","observacao","criado_em","cultivo_id") VALUES (47,13680.00,'colheita','','2025-11-19 12:53:02.323303+00:00',26);
INSERT INTO "stockapp_stockentry" ("id","quantidade_kg","tipo","observacao","criado_em","cultivo_id") VALUES (48,10080.00,'colheita','','2025-11-19 12:53:02.521171+00:00',25);
INSERT INTO "stockapp_stockentry" ("id","quantidade_kg","tipo","observacao","criado_em","cultivo_id") VALUES (49,6600.00,'colheita','','2025-11-19 12:53:02.698389+00:00',24);
INSERT INTO "stockapp_stockentry" ("id","quantidade_kg","tipo","observacao","criado_em","cultivo_id") VALUES (50,3240.00,'colheita','','2025-11-19 12:53:02.887638+00:00',23);
INSERT INTO "stockapp_stockentry" ("id","quantidade_kg","tipo","observacao","criado_em","cultivo_id") VALUES (51,12720.00,'colheita','','2025-11-19 12:53:03.101275+00:00',22);
INSERT INTO "stockapp_stockentry" ("id","quantidade_kg","tipo","observacao","criado_em","cultivo_id") VALUES (52,9360.00,'colheita','','2025-11-19 12:53:03.276427+00:00',21);
INSERT INTO "stockapp_stockentry" ("id","quantidade_kg","tipo","observacao","criado_em","cultivo_id") VALUES (53,6120.00,'colheita','','2025-11-19 12:53:03.468274+00:00',20);
INSERT INTO "stockapp_stockentry" ("id","quantidade_kg","tipo","observacao","criado_em","cultivo_id") VALUES (54,3000.00,'colheita','','2025-11-19 12:53:03.633550+00:00',19);
INSERT INTO "stockapp_stockentry" ("id","quantidade_kg","tipo","observacao","criado_em","cultivo_id") VALUES (55,13680.00,'colheita','','2025-11-19 12:53:03.794421+00:00',18);
INSERT INTO "stockapp_stockentry" ("id","quantidade_kg","tipo","observacao","criado_em","cultivo_id") VALUES (56,10080.00,'colheita','','2025-11-19 12:53:03.978344+00:00',17);
INSERT INTO "stockapp_stockentry" ("id","quantidade_kg","tipo","observacao","criado_em","cultivo_id") VALUES (57,6600.00,'colheita','','2025-11-19 12:53:04.155452+00:00',16);
INSERT INTO "stockapp_stockentry" ("id","quantidade_kg","tipo","observacao","criado_em","cultivo_id") VALUES (58,3240.00,'colheita','','2025-11-19 12:53:04.346302+00:00',15);
INSERT INTO "stockapp_stockentry" ("id","quantidade_kg","tipo","observacao","criado_em","cultivo_id") VALUES (59,12720.00,'colheita','','2025-11-19 12:53:04.521429+00:00',14);
INSERT INTO "stockapp_stockentry" ("id","quantidade_kg","tipo","observacao","criado_em","cultivo_id") VALUES (60,9360.00,'colheita','','2025-11-19 12:53:04.660182+00:00',13);
COMMIT;
